"","road","home","lineopen","lineavg","line","linemedian","phcover","phwin","diff","my_pred","my_pred_id","my_abs_diff"
"1","South Alabama","Louisiana-Lafayette",-5,-1.094265861,-9,-0.5,0.6296871275,0.4752367428,7.905734139,"Louisiana-Lafayette","home",7.905734139
"2","Indiana","Nebraska",4,-2.382824656,5,-1.16,0.3790366996,0.44655981,-7.382824656,"Indiana","road",7.382824656
"3","San Jose St.","Wyoming",2,3.0704871475,-3,2.3612502604,0.6039759502,0.5740982622,6.0704871475,"Wyoming","home",6.0704871475
"4","Fresno St.","Connecticut",-24,-17.95981515,-24,-18.65,0.6020726086,0.1437302533,6.04018485,"Connecticut","home",6.04018485
"5","Central Mich.","Toledo",7,1.1660943332,7,1.79,0.4001672149,0.5281798475,-5.8339056668,"Central Mich.","road",5.8339056668
"6","Arizona St.","USC",24,19.375155666,25,17.83,0.4104477469,0.8473223546,-5.624844334,"Arizona St.","road",5.624844334
"7","Colorado","Arizona",18,12.181008518,17.5,10.89,0.4102110339,0.763155183,-5.318991482,"Colorado","road",5.318991482
"8","Texas-San Antonio","Middle Tenn.",-5.5,1.3003851584,-4,2,0.5905286674,0.5311852685,5.3003851584,"Middle Tenn.","home",5.3003851584
"9","Rutgers","Ohio St.",41,34.756724861,40,34,0.4139781679,0.9736051265,-5.243275139,"Rutgers","road",5.243275139
"10","Troy St.","Western Kentucky",6,10.05016895,5,9.68,0.5855175329,0.7236652708,5.05016895,"Western Kentucky","home",5.05016895
"11","Michigan St.","Maryland",7.5,4.0727699953,8.5,3.59,0.4234051086,0.5987491573,-4.4272300047,"Michigan St.","road",4.4272300047
"12","Michigan","Iowa",-9.5,-6.700847135,-11,-7.03,0.573937083,0.3422384643,4.299152865,"Iowa","home",4.299152865
"13","Navy","Air Force",15.5,18.044889138,14,17.62,0.5697860122,0.8642863392,4.044889138,"Air Force","home",4.044889138
"14","Virginia","Duke",1.5,-0.62971473,3,-0.79,0.4383224076,0.4851691894,-3.62971473,"Virginia","road",3.62971473
"15","Washington","UCLA",-2.5,0.5564981159,-3,0.63,0.5604011959,0.5130896535,3.5564981159,"UCLA","home",3.5564981159
"16","Georgia St.","Army",9.5,11.532718945,8,11.452,0.56000021,0.7517736835,3.532718945,"Army","home",3.532718945
"17","Bowling Green","Akron",-6,-6.046621507,-9.5,-6.85,0.5595057143,0.3569595615,3.453378493,"Akron","home",3.453378493
"18","Louisville","Boston College",-15.5,-12.10611557,-15.5,-10.9,0.5578221795,0.2364455297,3.39388443,"Boston College","home",3.39388443
"19","SMU","Central Florida",0,6.1688705339,3,6.3,0.555127255,0.6482957182,3.1688705339,"Central Florida","home",3.1688705339
"20","Northwestern","Penn St.",24.5,27.988205236,25,27.05296,0.5505685744,0.9490523408,2.988205236,"Penn St.","home",2.988205236
"21","UTEP","Charlotte",-3.5,-5.909186988,-3,-6,0.4497247759,0.3595865066,-2.909186988,"UTEP","road",2.909186988
"22","Miami (Ohio)","Buffalo",1,-1.287891616,1.5,-1.1,0.4518230961,0.468784492,-2.787891616,"Miami (Ohio)","road",2.787891616
"23","New Mexico","UNLV",17,12.006563315,14.5,11.73,0.4566277541,0.7700602819,-2.493436685,"New Mexico","road",2.493436685
"24","Louisiana-Monroe","Arkansas St.",7.5,5.064494856,7.5,4.95,0.458117187,0.6197166675,-2.435505144,"Louisiana-Monroe","road",2.435505144
"25","Georgia","Missouri",-27.5,-25.66605793,-28,-26.08,0.5397624783,0.0647255438,2.33394207,"Missouri","home",2.33394207
"26","Ohio","Kent",6.5,9.1901792866,11.5,8.79,0.4606203602,0.706653391,-2.3098207134,"Ohio","road",2.3098207134
"27","Wake Forest","Florida St.",6,5.324939652,7,4.54,0.4712600694,0.6249066491,-1.675060348,"Wake Forest","road",1.675060348
"28","Alabama","Arkansas",-16.5,-15.3484262,-17,-14.96,0.5279316081,0.1859804302,1.6515738,"Arkansas","home",1.6515738
"29","LSU","Auburn",-7,-6.425585753,-8,-5.0225,0.5266326753,0.3542477277,1.574414247,"Auburn","home",1.574414247
"30","Oklahoma","TCU",-5.5,-5.04706706,-6.5,-4.6,0.5249396377,0.3813612547,1.45293294,"TCU","home",1.45293294
"31","West Va.","Texas",10,10.267946899,9,10.55,0.5220364357,0.7353653056,1.267946899,"Texas","home",1.267946899
"32","Georgia Southern","Coastal Carolina",10.5,9.2757816095,10.5,9.42,0.4789252979,0.7115027804,-1.2242183905,"Georgia Southern","road",1.2242183905
"33","Oklahoma St.","Baylor",1,3.1802627673,2,2.59,0.5204686834,0.576915643,1.1802627673,"Baylor","home",1.1802627673
"34","Texas Tech","Kansas St.",7,6.8382096081,8,7.34,0.4797009708,0.6639836147,-1.1617903919,"Texas Tech","road",1.1617903919
"35","Texas St.","James Madison",20.5,23.028012348,22,23.11926,0.5169196011,0.8985067805,1.028012348,"James Madison","home",1.028012348
"36","Illinois","Wisconsin",8,5.9904366286,7,7.34732,0.4827163279,0.6391906637,-1.0095633714,"Illinois","road",1.0095633714
"37","Iowa St.","Kansas",-3,-3.932377457,-3,-4.25,0.4844098014,0.4114872713,-0.932377457,"Iowa St.","road",0.932377457
"38","UAB","Rice",-9.5,-9.078563325,-10,-9.35,0.5158917951,0.2919569247,0.921436675000001,"Rice","home",0.921436675000001
"39","Stanford","Oregon",16.5,17.885339373,17,17,0.5152335347,0.8585930805,0.885339373000001,"Oregon","home",0.885339373000001
"40","Texas A&M","Mississippi St.",3,2.6683827242,3.5,1.23,0.4857577135,0.5630812963,-0.8316172758,"Texas A&M","road",0.8316172758
"41","Virginia Tech","North Carolina",8.5,9.7478814226,9,10.92,0.5129521679,0.7233219474,0.747881422600001,"North Carolina","home",0.747881422600001
"42","Liberty","Old Dominion",-2,-4.246028937,-3.5,-4.6,0.4869965426,0.3968584308,-0.746028937,"Liberty","road",0.746028937
"43","Cincinnati","Tulsa",-12,-10.11997954,-9.5,-10.04,0.4892444855,0.2684942596,-0.619979539999999,"Cincinnati","road",0.619979539999999
"44","San Diego St.","Boise St.",6.5,5.9534251814,6.5,6.195,0.4904612665,0.6433693445,-0.5465748186,"San Diego St.","road",0.5465748186
"45","Kentucky","Mississippi",6,6.4643863023,7,5.64,0.4907182052,0.6530227568,-0.5356136977,"Kentucky","road",0.5356136977
"46","Florida Atlantic","North Texas",-2.5,-2.978846607,-3.5,-3,0.5089807286,0.4288315947,0.521153393,"North Texas","home",0.521153393
"47","Oregon St.","Utah",11,9.9917111153,10.5,10.01,0.4912027835,0.7279746039,-0.508288884700001,"Oregon St.","road",0.508288884700001
"48","Utah St.","BYU",24,23.515384065,24,23.2,0.4917693735,0.9157262303,-0.484615935000001,"Utah St.","road",0.484615935000001
"49","East Carolina","South Florida",-8,-9.453340458,-9,-9.3905,0.4921535934,0.2829769967,-0.453340458,"East Carolina","road",0.453340458
"50","Massachusetts","Eastern Mich.",20,19.632344852,20,19.44,0.4937585942,0.874617024,-0.367655148000001,"Massachusetts","road",0.367655148000001
"51","Temple","Memphis",20.5,18.819330714,18.5,18.97,0.5054917852,0.8704552351,0.319330713999999,"Memphis","home",0.319330713999999
"52","Georgia Tech","Pittsburgh",20,22.290457425,22,22.17,0.5050325137,0.9124818636,0.290457425,"Pittsburgh","home",0.290457425
"53","Tulane","Houston",3,2.7384293714,2.5,3,0.5041166795,0.5657152648,0.2384293714,"Houston","home",0.2384293714
"54","Purdue","Minnesota",10,11.786568535,12,11.856656345,0.4962988366,0.763722133,-0.213431464999999,"Purdue","road",0.213431464999999
"55","California","Washington St.",4,4.2049047873,4,4.6,0.5035734411,0.6022381121,0.2049047873,"Washington St.","home",0.2049047873
"56","Northern Ill.","Ball St.",-3.5,-3.300452406,-3.5,-4.09,0.5034343184,0.4214459738,0.199547594,"Ball St.","home",0.199547594
"57","Florida Intl.","New Mexico St.",14.5,14.429453658,14.5,13.955,0.4988207121,0.7939317873,-0.0705463420000001,"Florida Intl.","road",0.0705463420000001
"58","NC St.","Clemson",7,6.989754567,7,6.9248,0.4998216998,0.6660268539,-0.0102454329999997,"NC St.","road",0.0102454329999997
